DATE,UNEMPLOYMENT,NET_EXPORT,CPI,RETAIL,SNP500,DJIA
1992-02-01,0.9330045982858036,1.8641867706240112,-1.6041182121877542,-1.9905954406314241,-1.1633029503260994,-1.2594416550420897
1992-03-01,0.9330045982858036,1.7924803024112834,-1.5880582265242886,-2.0199333243902005,-1.1716463757615623,-1.2631183382742632
1992-04-01,0.9330045982858036,1.7381501162274955,-1.5834696591918687,-1.991743265014483,-1.1612194090131371,-1.2490053554327525
1992-05-01,1.0447259555293433,1.6943736471872861,-1.5788810918594538,-1.9732482232387525,-1.1608490016686106,-1.2446892490297663
1992-06-01,1.1564473127728834,1.747781972536243,-1.5674096735284033,-1.9618604827913586,-1.1675255940537035,-1.2536411734211452
1992-07-01,1.1005866341511137,1.7124373513042679,-1.5605268225297786,-1.9450893563050364,-1.1526444789873451,-1.245043215427895
1992-08-01,1.0447259555293433,1.6514753300630138,-1.5513496878649384,-1.947091110385009,-1.1620713459055485,-1.260617736945549
1992-09-01,1.0447259555293433,1.6840702629428213,-1.5421725532001034,-1.9110493181031565,-1.1585802566833847,-1.2589849242057949
1992-10-01,0.8771439196640334,1.722756629701057,-1.5307011348690531,-1.9011617220956787,-1.1577653605254261,-1.2641688191977414
1992-11-01,0.9330045982858036,1.683057010732124,-1.5261125675366385,-1.9131646177499861,-1.1460327078875445,-1.2551598034518254
1992-12-01,0.9330045982858036,1.715608234693039,-1.5284068512028484,-1.863426470088898,-1.141995267832204,-1.255626810731937
1993-01-01,0.8771439196640334,1.696880949716502,-1.5123468655393832,-1.8199946865792853,-1.139152391462962,-1.2546117264482717
1993-02-01,0.7654225624204932,1.6905630241674474,-1.5008754472083328,-1.8659609479115384,-1.1348927070009054,-1.2476682759094995
1993-03-01,0.7095618837987234,1.61490685910204,-1.4894040288772878,-1.9169260744118062,-1.1272160147855907,-1.2403263277160597
1993-04-01,0.7654225624204932,1.618324101851843,-1.4802268942124475,-1.809234696412552,-1.1378467055735055,-1.2411895489966571
1993-05-01,0.7654225624204932,1.6781655853542083,-1.4756383268800328,-1.7746502550131356,-1.1285865219603393,-1.2297849800143748
1993-06-01,0.7095618837987234,1.5626548333347026,-1.4710497595476126,-1.7911005211284137,-1.1282716757174918,-1.2310809537623615
1993-07-01,0.6537012051769536,1.5851847942549155,-1.4710497595476126,-1.7201093078811918,-1.1304941197846514,-1.2284102201971274
1993-08-01,0.5978405265551833,1.6099002011197703,-1.4618726248827723,-1.7398335093097876,-1.1162056564695362,-1.215646876976868
1993-09-01,0.5419798479334135,1.585979501871149,-1.4549897738841475,-1.72331254549378,-1.120493121482432,-1.226623260800124
1993-10-01,0.5978405265551833,1.5802576070342693,-1.4412240718868923,-1.701637716585987,-1.1122515580667143,-1.2122967562926452
1993-11-01,0.4861191693116431,1.6169730989042466,-1.4389297882206822,-1.6604573108897107,-1.1178447089690666,-1.2119131023901575
1993-12-01,0.4302584906898733,1.687543135225761,-1.4389297882206822,-1.6269455488812292,-1.113529463405331,-1.2039043271757275
1994-01-01,0.4861191693116431,1.6052908969456174,-1.429752653555842,-1.644108428509265,-1.099491025047771,-1.1782965710117663
1994-02-01,0.4861191693116431,1.5289194950256,-1.4182812352247973,-1.595655122233108,-1.1128905107360227,-1.1950060686576132
1994-03-01,0.4302584906898733,1.6213439907935294,-1.4068098168937522,-1.5195879392056015,-1.1326795231173588,-1.2173927305986052
1994-04-01,0.3743978120681035,1.5456480903473104,-1.402221249561332,-1.513686351128313,-1.1279197887401913,-1.2121711553126642
1994-05-01,0.20681577620279307,1.5152107886455761,-1.3999269658951217,-1.545388468740274,-1.1227433461004315,-1.203415625180892
1994-06-01,0.20681577620279307,1.4981245748965608,-1.3884555475640716,-1.5027424780189444,-1.1340685506593338,-1.2186487403984159
1994-07-01,0.20681577620279307,1.448057995073865,-1.3792784128992368,-1.5054426834686447,-1.1211135537845143,-1.2027156851742702
1994-08-01,0.15095509758102327,1.4926410923445514,-1.3655127109019816,-1.4551620700089951,-1.1051582574190288,-1.1857115961390132
1994-09-01,0.09509441895925344,1.4680448916221316,-1.3563355762371412,-1.4233277896090544,-1.1169927720766553,-1.1937306477972598
1994-10-01,0.039233740337483135,1.4637137351136602,-1.354041292570931,-1.376222220339736,-1.1080659550735632,-1.186316764497104
1994-11-01,-0.072487616906057,1.424415443490925,-1.3494527252385164,-1.3862583213131054,-1.1253454576957311,-1.205601082232563
1994-12-01,-0.1283482955278268,1.5228399817614156,-1.3494527252385164,-1.3740657306356077,-1.1201782752395846,-1.1947297465016549
1995-01-01,-0.072487616906057,1.444283133896757,-1.3356870232412614,-1.361564146561728,-1.109853170510904,-1.1936541453821805
1995-02-01,-0.1842089741495966,1.4838993085659855,-1.3219213212440006,-1.4573286361598075,-1.0941386389193613,-1.1745639382521469
1995-03-01,-0.1842089741495966,1.488190729693645,-1.310449902912956,-1.424860866538466,-1.0818040743466235,-1.1578201857935781
1995-04-01,0.039233740337483135,1.418971696319727,-1.2989784845819106,-1.4251999465651026,-1.068839817288191,-1.1391421782433002
1995-05-01,-0.072487616906057,1.4573958095646058,-1.292095633583281,-1.3842218915272717,-1.051532534115183,-1.1227147118888656
1995-06-01,-0.072487616906057,1.436693676161729,-1.2852127825846504,-1.3239762839349971,-1.0410222257142396,-1.1123286526715208
1995-07-01,-0.016626938284286682,1.438481768298254,-1.2852127825846504,-1.3477402355944121,-1.024992847879849,-1.0949306332899593
1995-08-01,-0.016626938284286682,1.504005411256687,-1.2760356479198158,-1.3207998422708955,-1.0251595311848858,-1.1061102623353665
1995-09-01,-0.072487616906057,1.5249856923252456,-1.2691527969211853,-1.3131176942709235,-1.0042963375044225,-1.0857263651115276
1995-10-01,-0.1283482955278268,1.5373036603768613,-1.2576813785901406,-1.3482295944926639,-1.0069910509358537,-1.0895629041364043
1995-11-01,-0.072487616906057,1.5379394264698478,-1.25997566225635,-1.2863054577705957,-0.9848869926512261,-1.0531374781148
1995-12-01,-0.072487616906057,1.5373036603768613,-1.2622699459225604,-1.245011584361477,-0.9751082387557226,-1.0482698692269876
1996-01-01,-0.072487616906057,1.471541605133558,-1.2416213929266748,-1.3166197364949994,-0.9565045298768716,-1.0165065232168629
1996-02-01,-0.1283482955278268,1.5373433957576728,-1.2301499745956248,-1.2424013960316427,-0.9524207889034654,-1.0061935409333254
1996-03-01,-0.1283482955278268,1.497170925757081,-1.2117957052659551,-1.2125467955755909,-0.94772587581159,-0.9946017123081622
1996-04-01,-0.072487616906057,1.4891046434523132,-1.1980300032686948,-1.2133423365007638,-0.9396972966189749,-0.9966638520340333
1996-05-01,-0.072487616906057,1.4357002916414376,-1.1911471522700698,-1.1831212548355166,-0.9258533221172914,-0.9882029132916713
1996-06-01,-0.24006965277136694,1.454733539050224,-1.1888528686038595,-1.195450773419764,-0.9244550343917033,-0.9868955212727772
1996-07-01,-0.1283482955278268,1.416984927279144,-1.181970017605229,-1.2027771622135586,-0.9528652777168972,-1.0012505714575242
1996-08-01,-0.35179101001490704,1.4215544960724855,-1.1750871666065994,-1.2098398096438026,-0.9417160166466451,-0.9912824209553894
1996-09-01,-0.29593033139313674,1.3815012322143285,-1.1636157482755538,-1.1563949538314369,-0.9089905277577157,-0.9609143876501451
1996-10-01,-0.29593033139313674,1.455687188189704,-1.1521443299445093,-1.1294220074035268,-0.8923777583556955,-0.9441055510474041
1996-11-01,-0.1842089741495966,1.4440844569926983,-1.1452614789458788,-1.1538479285098582,-0.8444563081575603,-0.887891119716235
1996-12-01,-0.1842089741495966,1.3505871059428545,-1.1452614789458788,-1.140989625651657,-0.8595318870797949,-0.8962755560435175
1997-01-01,-0.24006965277136694,1.3367591934203953,-1.1337900606148341,-1.1187296153660007,-0.8174721331087941,-0.8546194201192464
1997-02-01,-0.29593033139313674,1.411779592392816,-1.1223186422837887,-1.079803331817874,-0.8131568875450584,-0.847237507977631
1997-03-01,-0.29593033139313674,1.4897404095453,-1.1131415076189488,-1.064956580799579,-0.8443637063214287,-0.8808369119496612
1997-04-01,-0.35179101001490704,1.4577534279919109,-1.1085529402865284,-1.1102316409296256,-0.8034151743840077,-0.8322498855846158
1997-05-01,-0.4635123672584467,1.4283492461912797,-1.1108472239527385,-1.1548421866238066,-0.7599478725038055,-0.7954830532628808
1997-06-01,-0.4076516886366769,1.478733709060469,-1.1062586566203183,-1.086276347700076,-0.7258148357056748,-0.7564554033014865
1997-07-01,-0.4635123672584467,1.4639918827793421,-1.101670089287904,-1.0304906742290139,-0.6617621456534041,-0.6936777498527603
1997-08-01,-0.519373045880217,1.3991437412947068,-1.0947872382892736,-1.0284591684142521,-0.7125449925880075,-0.7622102118388016
1997-09-01,-0.4635123672584467,1.38201779216488,-1.0856101036244383,-1.0248461774287199,-0.66827205473346,-0.7253406150789004
1997-10-01,-0.5752337245019868,1.3791171093656285,-1.0764329689595984,-1.0410357176965752,-0.6985158144140607,-0.7827973542847916
1997-11-01,-0.6310944031237571,1.3769316634209872,-1.0787272526258085,-1.0238600018847557,-0.660752785639569,-0.7392937421277078
1997-12-01,-0.5752337245019868,1.3420439990683466,-1.0833158199582282,-1.0168997266936761,-0.6468347296689801,-0.7295653753146276
1998-01-01,-0.6310944031237571,1.3651699907007349,-1.0764329689595984,-1.0157005774858792,-0.6377134488100115,-0.7297709041909604
1998-02-01,-0.6310944031237571,1.3452625649140915,-1.0695501179609679,-1.0196468650142205,-0.5737626207774856,-0.656783032896863
1998-03-01,-0.5752337245019868,1.272666024171182,-1.0626672669623427,-0.9869342183976846,-0.5252299984608814,-0.6277703483483239
1998-04-01,-0.798676438989067,1.2018973109456097,-1.055784415963713,-0.9202732933421275,-0.5159698148477152,-0.5976763535448565
1998-05-01,-0.7428157603672968,1.1951422962076261,-1.048901564965088,-0.9081370344908861,-0.5353513791500721,-0.6163360918616824
1998-06-01,-0.6869550817455269,1.2642818588199212,-1.0443129976326677,-0.8709086191088257,-0.49551406924623104,-0.6103905982002142
1998-07-01,-0.6869550817455269,1.2503347401550273,-1.039724430300248,-0.9225163051610636,-0.5077097310647708,-0.6182383757948503
1998-08-01,-0.6869550817455269,1.1903740505102272,-1.0351358629678278,-0.9597697754524962,-0.6590118711202937,-0.7717250569859139
1998-09-01,-0.6310944031237571,1.223870976534459,-1.030547295635413,-0.9105789853951198,-0.6037007943988519,-0.737064895646589
1998-10-01,-0.6869550817455269,1.225221979482056,-1.021370160970573,-0.8278140278322682,-0.5280821350137365,-0.6514872388500242
1998-11-01,-0.7428157603672968,1.2355929138738997,-1.021370160970573,-0.7914910346042848,-0.46792798226260873,-0.5916041170763168
1998-12-01,-0.7428157603672968,1.2200961153573509,-1.0236644446367824,-0.7487231590020473,-0.40718117776023843,-0.5841959429116143
1999-01-01,-0.798676438989067,1.1552877092535276,-1.0144873099719478,-0.7388492696463987,-0.36050059216626745,-0.563939930321938
1999-02-01,-0.7428157603672968,1.0435915537919418,-1.0098987426395274,-0.6821575635662052,-0.39875441067225725,-0.5699059768710394
1999-03-01,-0.8545371176108368,1.0634592441977735,-0.9984273243084774,-0.6558799282681271,-0.3542684885946068,-0.5151462332534692
1999-04-01,-0.798676438989067,1.0461743535447,-0.970895920313967,-0.6545333907817347,-0.3090695323787423,-0.4006346779776261
1999-05-01,-0.8545371176108368,0.9491008182218059,-0.970895920313967,-0.6007692138147769,-0.33994298454503863,-0.4268167731682281
1999-06-01,-0.798676438989067,0.8398285209897315,-0.970895920313967,-0.5833374833630008,-0.27431606327852953,-0.3798808287763886
1999-07-01,-0.798676438989067,0.8211926273890607,-0.9594245019829223,-0.5573754072981795,-0.31505161099284773,-0.41592260089550537
1999-08-01,-0.8545371176108368,0.8527027843727101,-0.9502473673180817,-0.5046524272275017,-0.3227468235753888,-0.39603996576449996
1999-09-01,-0.8545371176108368,0.8791268126124664,-0.9318930979884065,-0.5062590190258202,-0.3576577157970255,-0.45225553892276
1999-10-01,-0.9103977962326072,0.8224244241942225,-0.9250102469897822,-0.5157827753970221,-0.28337252285220604,-0.4073920107006083
1999-11-01,-0.9103977962326072,0.7869804645102191,-0.922715963323572,-0.45389198358037636,-0.25931456582520024,-0.39049867889315293
1999-12-01,-0.966258474854377,0.793814950009825,-0.922715963323572,-0.3426438410152916,-0.18491825067702292,-0.319784185336713
2000-01-01,-0.966258474854377,0.7639736790202654,-0.9112445449925265,-0.41076783559421637,-0.254175163919893,-0.38333713938004965
2000-02-01,-0.9103977962326072,0.6791386409873641,-0.888301708330431,-0.3452229665777611,-0.28014071877121105,-0.4760786193438991
2000-03-01,-0.966258474854377,0.5778531552984334,-0.8561817370035011,-0.31437368208317745,-0.15775813213960646,-0.3854620795959115
2000-04-01,-1.077979832097917,0.6022109437359832,-0.8538874533372909,-0.4107944083944175,-0.20049387951436842,-0.4069295707288599
2000-05-01,-0.966258474854377,0.5787273336762903,-0.8492988860048706,-0.410535237655322,-0.22996904395507664,-0.4310883483146756
2000-06-01,-0.966258474854377,0.5388727467221914,-0.8286503330089852,-0.39796220292691825,-0.1984844196703115,-0.4395881091781227
2000-07-01,-0.966258474854377,0.5143957521422068,-0.8194731983441453,-0.4397195697338023,-0.22049587611880758,-0.4311283122628514
2000-08-01,-0.9103977962326072,0.5833763732312548,-0.8194731983441453,-0.42929611744106855,-0.14007118143845887,-0.3519859929496809
2000-09-01,-1.0221191534761471,0.4668722366914572,-0.7988246453482654,-0.35880330708348385,-0.2152360918265291,-0.4164055937548871
2000-10-01,-1.0221191534761471,0.45189199812546027,-0.7919417943496349,-0.3825092424227574,-0.2218200823754902,-0.37984200665530354
2000-11-01,-1.0221191534761471,0.5277468400949262,-0.7896475106834246,-0.4180124510057439,-0.32780288382817757,-0.4434018116611846
2000-12-01,-1.0221191534761471,0.5056937037444527,-0.7919417943496349,-0.42308510190539006,-0.32286720596236007,-0.4007545698221536
2001-01-01,-0.8545371176108368,0.4363951996089115,-0.7667046740213354,-0.40627693448668445,-0.28052038629935094,-0.3894082340214989
2001-02-01,-0.8545371176108368,0.6495755176634866,-0.7506446883578696,-0.4200583937312772,-0.39726352111053737,-0.4341769905951194
2001-03-01,-0.798676438989067,0.5197600285517815,-0.7414675536930296,-0.48030722130575365,-0.47098384285495376,-0.504570630739062
2001-04-01,-0.7428157603672968,0.6049526850119881,-0.7254075680295647,-0.3855190453564439,-0.38844782631080316,-0.4068085370572418
2001-05-01,-0.798676438989067,0.7631392360232203,-0.7070532986998895,-0.4041351318211642,-0.3825583495328295,-0.3866016230324671
2001-06-01,-0.6869550817455269,0.6638802547556852,-0.7001704477012645,-0.44744633563680347,-0.4116723668126239,-0.4333640097065147
2001-07-01,-0.6310944031237571,0.6437741520649832,-0.7116418660323091,-0.4609641396389084,-0.4238495082639376,-0.43103354061432025
2001-08-01,-0.4635123672584467,0.7018275434308239,-0.7116418660323091,-0.42409721345123613,-0.49575483402017334,-0.4964670838761009
2001-09-01,-0.4076516886366769,0.635827075902651,-0.693287596702634,-0.5591422594778198,-0.5815411750125451,-0.6223181239900542
2001-10-01,-0.24006965277136694,0.6456417149631315,-0.7070532986998895,-0.11114046526770821,-0.56409498908534,-0.5963324230590591
2001-11-01,-0.1283482955278268,0.6880393662891765,-0.7139361496985193,-0.29023075811272314,-0.4903191062392447,-0.5076786840800486
2001-12-01,-0.016626938284286682,0.7996957863699511,-0.729996135361985,-0.37720153499515235,-0.4823275677810823,-0.48826648171042697
2002-01-01,-0.016626938284286682,0.678661816417624,-0.7208190006971443,-0.3913990710100917,-0.49888477608142345,-0.49986401947104375
2002-02-01,-0.016626938284286682,0.5865552036961879,-0.7047590150336793,-0.3710271939533139,-0.5206184270215246,-0.4786111918311541
2002-03-01,-0.016626938284286682,0.5984758179396867,-0.6818161783715838,-0.40276148811816853,-0.4829665204503907,-0.4446064392419121
2002-04-01,0.09509441895925344,0.49945524895702165,-0.6588733417094937,-0.3295524165072937,-0.548223034372373,-0.49687014883913116
2002-05-01,0.039233740337483135,0.49154790817550065,-0.6588733417094937,-0.42349999361604096,-0.5572794939460496,-0.49926456024840676
2002-06-01,0.039233740337483135,0.45725627453503476,-0.6565790580432835,-0.37520026753265817,-0.6288792336430508,-0.5771360260095867
2002-07-01,0.039233740337483135,0.4973095383931914,-0.651990490710864,-0.31871610145171003,-0.7012938694980106,-0.6349889792159638
2002-08-01,-0.016626938284286682,0.398765793980266,-0.6382247887136084,-0.28504621832782234,-0.6971730877901516,-0.6433345934221613
2002-09-01,-0.016626938284286682,0.3917326315766016,-0.6313419377149787,-0.3962986300357812,-0.790506478427254,-0.7656893589842775
2002-10-01,-0.016626938284286682,0.468461651923924,-0.6244590867163535,-0.3776748441197089,-0.7252407043216584,-0.6737608599090329
2002-11-01,0.09509441895925344,0.28921534908250945,-0.6244590867163535,-0.35213378863966005,-0.6784304761571033,-0.6167768371187069
2002-12-01,0.15095509758102327,0.15546605727045062,-0.633636221381188,-0.3104826475589476,-0.7307412533878792,-0.6800865819917167
2003-01-01,0.039233740337483135,0.25301641716308393,-0.6152819520515129,-0.30312610170597576,-0.7530768162628361,-0.712950649317312
2003-02-01,0.09509441895925344,0.3063810335931485,-0.5831619807245829,-0.43000828215578574,-0.766550383419993,-0.731531601564877
2003-03-01,0.09509441895925344,0.17167809264160883,-0.5579248603962826,-0.3337704370292894,-0.7600404743399372,-0.7199934388129785
2003-04-01,0.15095509758102327,0.23767856016978228,-0.5671019950611179,-0.3240009386908165,-0.6963859721830326,-0.6642768440933706
2003-05-01,0.20681577620279307,0.2497183805557162,-0.5739848460597484,-0.31140754736710635,-0.6531686952603858,-0.622009830675555
2003-06-01,0.3185371334463332,0.3086459502994134,-0.5693962787273281,-0.24723603346593528,-0.6430658349384215,-0.6065746120629708
2003-07-01,0.26267645482456337,0.24626140242510164,-0.5648077113949077,-0.19936679971188137,-0.6284254846460058,-0.5782161944374241
2003-08-01,0.20681577620279307,0.3084870087761668,-0.5487477257314427,-0.1239738407776297,-0.6120349596507015,-0.5574326577318273
2003-09-01,0.20681577620279307,0.23457920046647213,-0.5349820237341879,-0.1781398459469459,-0.6231842207209536,-0.5735050158610429
2003-10-01,0.15095509758102327,0.22834074567904108,-0.5395705910666074,-0.2084684291368796,-0.5724939756224817,-0.5134380599257264
2003-11-01,0.039233740337483135,0.2982750159075691,-0.5510420093976529,-0.13123032461452613,-0.5655580980962202,-0.515568709277042
2003-12-01,-0.016626938284286682,0.12328039881300307,-0.5556305767300724,-0.16572376425033034,-0.5158123917262912,-0.4388995874424081
2004-01-01,-0.016626938284286682,0.09482986615185166,-0.5349820237341879,-0.16258906927016056,-0.4980235790053989,-0.43500024792754094
2004-02-01,-0.072487616906057,0.09771068126069747,-0.5120391870720924,-0.12971836636008482,-0.4852352654356164,-0.4240558352628257
2004-03-01,0.039233740337483135,-0.008879477766590127,-0.48450778307758197,-0.024424432928456564,-0.5025795893430768,-0.4498862477094805
2004-04-01,-0.072487616906057,-0.03530747954442735,-0.47074208108032173,-0.10789202153323714,-0.5200905965555741,-0.46497320905939
2004-05-01,-0.072487616906057,-0.05602948063771001,-0.44550496075202145,-0.0168715647422381,-0.5077004708811577,-0.469211671220206
2004-06-01,-0.072487616906057,-0.29376626403389305,-0.43173925875476665,-0.13198929390793337,-0.4890319407170147,-0.4410051165977274
2004-07-01,-0.1283482955278268,-0.1887297583963417,-0.43862210975339094,-0.067419129306469,-0.5252577790117209,-0.4747769364604589
2004-08-01,-0.1842089741495966,-0.21889288597047563,-0.43632782608718157,-0.05823772547149641,-0.5229242127412029,-0.4708707459830471
2004-09-01,-0.1842089741495966,-0.16784881577981275,-0.4271506914223463,0.038462886666858126,-0.5133491828851892,-0.4815639566878001
2004-10-01,-0.1283482955278268,-0.3202220805782988,-0.4042078547602508,0.045473087936267836,-0.49888477608142345,-0.4875928037268921
2004-11-01,-0.1842089741495966,-0.47682318989514505,-0.40191357109404063,0.03976897981722701,-0.4584918551607925,-0.4418569196074172
2004-12-01,-0.1842089741495966,-0.3264287470610806,-0.41797355675750564,0.1178317542381932,-0.4232105555946291,-0.40132319971334063
2005-01-01,-0.24006965277136694,-0.38990204436963166,-0.40879642209267114,0.07753722123030231,-0.45159301836898363,-0.434786726261573
2005-02-01,-0.1842089741495966,-0.48289078254508644,-0.3835593017643655,0.105793348755407,-0.43091502836078355,-0.40323918557159755
2005-03-01,-0.29593033139313674,-0.299015307839113,-0.3491450467712307,0.08131814646096006,-0.45222271085467897,-0.43320872122217435
2005-04-01,-0.29593033139313674,-0.43928517564236663,-0.31931935911050546,0.16389245945402783,-0.4742063867523356,-0.4687480894213668
2005-05-01,-0.35179101001490704,-0.39765441716598704,-0.32390792644292504,0.1015094176419292,-0.4421198505327146,-0.43735126990736867
2005-06-01,-0.4076516886366769,-0.4800179145124032,-0.32161364277671484,0.26724888552178544,-0.44227727365413844,-0.45933258323114873
2005-07-01,-0.4076516886366769,-0.48282720593578793,-0.30096508978082953,0.3231998854999704,-0.4025973868717211,-0.41754856267271495
2005-08-01,-0.4635123672584467,-0.49235177671634367,-0.2780222531187348,0.18039577572873375,-0.41542274117595646,-0.4357390100552478
2005-09-01,-0.4076516886366769,-0.7608119565561045,-0.2229594451297085,0.10108912895660513,-0.40757010547199146,-0.4257936960949275
2005-10-01,-0.4076516886366769,-0.8684670237891444,-0.213782310464874,0.11182123252925938,-0.42775730574869375,-0.44048101796307904
2005-11-01,-0.4076516886366769,-0.7280302673864826,-0.25049084912422437,0.19677652839392928,-0.38842930594357683,-0.39871298298391555
2005-12-01,-0.4635123672584467,-0.7498569120663294,-0.2688451184538995,0.20132001706368294,-0.38953126779354363,-0.4088033089847594
2006-01-01,-0.5752337245019868,-0.8654550819236209,-0.23443086346075936,0.3532341241473049,-0.36009314408728826,-0.39197734497565734
2006-02-01,-0.519373045880217,-0.6547383574793693,-0.22525372879591868,0.289259919794695,-0.3595560534377245,-0.37729915772423195
2006-03-01,-0.5752337245019868,-0.670592774423222,-0.20001660846761918,0.3082279254904742,-0.3463973325234155,-0.36406423991549813
2006-04-01,-0.5752337245019868,-0.6956260643345703,-0.1610137861420587,0.3155180952160209,-0.33182180351629187,-0.33462565386211407
2006-05-01,-0.6310944031237571,-0.7875340001519487,-0.1380709494799686,0.2548736915537604,-0.36934406751684135,-0.35732860190724
2006-06-01,-0.6310944031237571,-0.7257057476089999,-0.1288938148151279,0.2692500922676952,-0.3692422054970964,-0.35939416711438343
2006-07-01,-0.5752337245019868,-0.8471768067502553,-0.11512811281787308,0.28504885806641045,-0.363260126882991,-0.3553452482506295
2006-08-01,-0.5752337245019868,-0.8956142359596729,-0.10595097815303241,0.25342710186026834,-0.33810946818963167,-0.33302595410799135
2006-09-01,-0.6869550817455269,-0.7875340001519487,-0.1288938148151279,0.24334979983351168,-0.3084491000766603,-0.29900864142075145
2006-10-01,-0.7428157603672968,-0.5786848386058453,-0.15413093514342818,0.2693962132369798,-0.26947298724884355,-0.2531460144942048
2006-11-01,-0.6869550817455269,-0.5664860766966645,-0.1610137861420587,0.2794115071039098,-0.2484616306305694,-0.23702341597299675
2006-12-01,-0.7428157603672968,-0.7050830849677474,-0.15413093514342818,0.3327878710088564,-0.23209888618610483,-0.20948026289023633
2007-01-01,-0.6310944031237571,-0.5789232508907153,-0.13999814775958327,0.30164740394254186,-0.21363408006145132,-0.19137773619369014
2007-02-01,-0.6869550817455269,-0.6191751916529306,-0.11515105565453317,0.29807707394810684,-0.24272957697401965,-0.2316910834592546
2007-03-01,-0.7428157603672968,-0.7289640488355571,-0.07263797931967172,0.32456119223378005,-0.2297282791811343,-0.22190334163745598
2007-04-01,-0.6869550817455269,-0.6555728004764143,-0.04203223521244152,0.2704591360709016,-0.17276888977654892,-0.14099804129618757
2007-05-01,-0.7428157603672968,-0.6411885926225923,-0.01305543250821698,0.3407074055435899,-0.12808850384302192,-0.07651564000099094
2007-06-01,-0.6310944031237571,-0.683824656233507,-0.00380946933339139,0.2705364375454109,-0.1533410245561262,-0.1015239369423149
2007-07-01,-0.5752337245019868,-0.6883147542652249,-0.0050254396764821616,0.2845263654080342,-0.1978639873682293,-0.12397568302747877
2007-08-01,-0.6310944031237571,-0.6082876973105337,-0.01378960328140176,0.3062453766089779,-0.1805289236443821,-0.10733355317998543
2007-09-01,-0.5752337245019868,-0.6450826599421352,-0.0006433578740250663,0.3403163927604146,-0.13167219490131715,-0.045915815796327225
2007-10-01,-0.5752337245019868,-0.6665795009612445,0.009589147277268732,0.3229737732110019,-0.11071639938472191,-0.04199021425837293
2007-11-01,-0.5752337245019868,-0.8034678878574257,0.03806120757492642,0.3342616097962856,-0.17390789236096818,-0.105737278907135
2007-12-01,-0.4076516886366769,-0.6977320395175896,0.034826267605574404,0.250102468629661,-0.1857424070185948,-0.11794341050711464
2008-01-01,-0.4076516886366769,-0.8101036964529735,0.05877858908079744,0.23882368506700807,-0.2689081160484405,-0.18810411792454684
2008-02-01,-0.4635123672584467,-0.8503556372151889,0.07284254795466207,0.16425139479201747,-0.3132829159227329,-0.23194685272757967
2008-03-01,-0.35179101001490704,-0.7377455679949344,0.11494265322960244,0.1481233089067547,-0.32062624152797375,-0.23234649220933767
2008-04-01,-0.4076516886366769,-0.8666074079671595,0.14465362670701717,0.16396655109914132,-0.26238894678477154,-0.16871931940510312
2008-05-01,-0.1842089741495966,-0.888302925890327,0.1861572182287449,0.1480830389953005,-0.24869313522089853,-0.18947887774179442
2008-06-01,-0.072487616906057,-0.818368655661799,0.23624143066209527,0.1074148705430001,-0.36016722555619357,-0.3365816036685466
2008-07-01,0.039233740337483135,-1.0109263110751212,0.2626027499868405,0.025764300072139375,-0.3718535772760092,-0.333383345987392
2008-08-01,0.20681577620279307,-0.773189527678938,0.24245893939752203,-0.0044557865509035595,-0.3575465935936676,-0.31443586724370054
2008-09-01,0.20681577620279307,-0.7183149667780308,0.23550725988890583,-0.14298305802878306,-0.46539995213621455,-0.39359873944450413
2008-10-01,0.4302584906898733,-0.7342091191026964,0.18480359086567658,-0.338970083738498,-0.648390440515992,-0.5678015895428109
2008-11-01,0.5978405265551833,-0.07825745266375501,0.08963670439131725,-0.47354052770878513,-0.7155360318950603,-0.6244327877620991
2008-12-01,0.8771439196640334,-0.026164368419663853,0.039231292244697,-0.5924809427113485,-0.7090446431822308,-0.6304445073948302
2009-01-01,1.1564473127728834,0.1542739958461001,0.060223987790511545,-0.5130456318080355,-0.7806906837972978,-0.7189966237627651
2009-02-01,1.435750705881734,0.5435615216579681,0.08431396628571214,-0.5463539643579305,-0.8647638908212338,-0.8260920120842705
2009-03-01,1.6591934203688132,0.48471342267589407,0.09615247000335228,-0.6414544003950605,-0.8066284580977764,-0.7637493947571151
2009-04-01,1.8267754562341236,0.44104423916387575,0.10833511627092163,-0.6320232729478975,-0.7372326421007088,-0.6998984238430962
2009-05-01,2.050218170721204,0.6046348019654947,0.12246790365477117,-0.5678489346430668,-0.6943302114209097,-0.6619657860617187
2009-06-01,2.106078849342974,0.5628331813516243,0.1646138946030379,-0.5306374620619739,-0.6941635281158726,-0.6680551499366196
2009-07-01,2.106078849342974,0.33793092595760893,0.15676744446460006,-0.5009387578152948,-0.6310461166085317,-0.5853172171147181
2009-08-01,2.1619395279647433,0.38068619571095863,0.16784883457239533,-0.3836240509835943,-0.6003578681144989,-0.5482455169597564
2009-09-01,2.273660885208284,0.2379964432162757,0.17094611752177596,-0.5627625107191198,-0.5665952386608949,-0.5235820517998349
2009-10-01,2.385382242451824,0.24252627662880494,0.17571822754749328,-0.5264459174369448,-0.5859397622287991,-0.5235306695807518
2009-11-01,2.329521563830054,0.06928001628995255,0.1792284815567888,-0.482684497192292,-0.530897230832139,-0.4513546373481685
2009-12-01,2.329521563830054,0.04992888583467205,0.1704872607885347,-0.4601710271550497,-0.5128676533373046,-0.4418534941261451
2010-01-01,2.273660885208284,0.0825516334810483,0.18741907424516127,-0.4493438609248447,-0.5510473903743889,-0.483041480943214
2010-02-01,2.273660885208284,-0.015157667934833014,0.1886579874249129,-0.45536769417185147,-0.5226927081508738,-0.4535903347918317
2010-03-01,2.329521563830054,0.005226582421550583,0.2090771120541749,-0.3130011461581002,-0.46255707576697236,-0.39291706867133414
2010-04-01,2.329521563830054,-0.02882663893404447,0.21774950431244872,-0.2768252134685758,-0.44657399885064747,-0.37556358054631145
2010-05-01,2.1619395279647433,-0.08056210475083064,0.22162684370833896,-0.31323207636098616,-0.5366570650395284,-0.4751286192044059
2010-06-01,2.050218170721204,-0.28309334074788,0.216740019499315,-0.3221593351841314,-0.5910143428488142,-0.516532411341624
2010-07-01,2.050218170721204,-0.07289317625417967,0.21779538998576892,-0.3259564059687333,-0.525368901215079,-0.4375271112793421
2010-08-01,2.106078849342974,-0.2589342292143884,0.2247011838210595,-0.2953997356760762,-0.5737718809610988,-0.48904863326758197
2010-09-01,2.106078849342974,-0.21923858378353728,0.2276149240771478,-0.2523317566185079,-0.4886985741069406,-0.40074771885960925
2010-10-01,2.050218170721204,-0.0790124248991757,0.2338553756492393,-0.17613131596479595,-0.44975024182996354,-0.3630171844732922
2010-11-01,2.273660885208284,-0.03132996792517993,0.23596611662214634,-0.15259454820932833,-0.4522597515891316,-0.3758593137628124
2010-12-01,1.994357492099434,-0.14572812928195886,0.24459262320709996,-0.1305151979860633,-0.3808729961152331,-0.31060503735427747
2011-01-01,1.8826361348558935,-0.4282466868528871,0.268544944682323,-0.09480349462106698,-0.3544999931849359,-0.2747037099673213
2011-02-01,1.8267754562341236,-0.3154776761093862,0.29346086529735954,-0.07698564729821335,-0.3164406385348226,-0.23651987022598173
2011-03-01,1.8267754562341236,-0.3200869802835386,0.3429715068141574,-0.048778479336130026,-0.31772780405705286,-0.22585634702558793
2011-04-01,1.8826361348558935,-0.2417288093229384,0.375986248770909,-0.04063067367744237,-0.28274283036651093,-0.16981433158511983
2011-05-01,1.8267754562341236,-0.4430282485148259,0.400259769959402,-0.06677034458602492,-0.29979082839834975,-0.19730381879461567
2011-06-01,1.8826361348558935,-0.5360885103757412,0.39470760348717426,-0.026078112329968758,-0.32253383935228597,-0.21505352092012409
2011-07-01,1.8267754562341236,-0.4026968369909874,0.39929617081959384,-0.023371589260188962,-0.3487957200792255,-0.24600845335000712
2011-08-01,1.8267754562341236,-0.39828620972089257,0.4135895580600818,-0.04723789172674202,-0.4167562076162522,-0.3064921761734423
2011-09-01,1.8267754562341236,-0.30697430461568914,0.4214818938718398,-0.006562558194182399,-0.49775503368061713,-0.3864371999314011
2011-10-01,1.715054098990584,-0.3510011065550131,0.41074464631397917,0.06574490691637065,-0.3848919158033474,-0.26750106467895163
2011-11-01,1.6033327417470433,-0.43305466793109815,0.4063625645115167,0.07157573556244189,-0.3907628722140947,-0.2571481184472383
2011-12-01,1.5474720631252736,-0.5297705848266877,0.3935604616540692,0.05236498890812395,-0.38091003684968594,-0.23752239441164896
2012-01-01,1.435750705881734,-0.605148602226413,0.41634269845952704,0.0926923717246145,-0.3301549704659218,-0.19009660619788318
2012-02-01,1.435750705881734,-0.3370142525093068,0.43923964944830235,0.1645929710370266,-0.28082597235858536,-0.15365405276991767
2012-03-01,1.3798900272599632,-0.5950955508810621,0.47890781403706123,0.17786771136574583,-0.24120164667784713,-0.12396997389202495
2012-04-01,1.3798900272599632,-0.5190817673883494,0.4948071998438893,0.13762870703483854,-0.25098040057335064,-0.12378842338459795
2012-05-01,1.3798900272599632,-0.4843133091781438,0.48861263394512267,0.14664871353501877,-0.3320810886574605,-0.21743879771267385
2012-06-01,1.3798900272599632,-0.3320870652886613,0.4808808979900023,0.07821759163093725,-0.2840855569904198,-0.1618729241690433
2012-07-01,1.3798900272599632,-0.34341164881998526,0.4723002770783796,0.11684535899132592,-0.26819508191022673,-0.14719016960925485
2012-08-01,1.3240293486381933,-0.3953060561600183,0.5015523938225477,0.1699412860117118,-0.24295182138073565,-0.13780891823175878
2012-09-01,1.1564473127728834,-0.2410135724683284,0.5251376299111814,0.2156727758705853,-0.2113838554434519,-0.0982685879066236
2012-10-01,1.1564473127728834,-0.33518642499197115,0.5230727746115892,0.19515916790901452,-0.23778463892458876,-0.13716721140676463
2012-11-01,1.1005866341511137,-0.5292142894953235,0.4979274256299347,0.23052520027551685,-0.23406204511209597,-0.14526048182590917
2012-12-01,1.2123079913946537,-0.19428476463381145,0.4837028668994386,0.24910698723435024,-0.2247926013153166,-0.13629028820107852
2013-01-01,1.2681686700164234,-0.3717827107195141,0.49928105299299763,0.2873840585457283,-0.1581933607694253,-0.049917919749360704
2013-02-01,1.1005866341511137,-0.3858887709076531,0.5425512429377093,0.33125937255122423,-0.14284923652240872,-0.02777675063287747
2013-03-01,0.9888652769075734,-0.18931784203235352,0.556477544791601,0.2821998081060258,-0.09237197564703968,0.03206069805720077
2013-04-01,1.0447259555293433,-0.2516229191450424,0.5509253783193734,0.29481813446471966,-0.06609157455287407,0.061892072629798255
2013-05-01,0.9888652769075734,-0.4218095551613979,0.5604237126974777,0.34117398040206476,-0.03537554550800166,0.09338023831105552
2013-06-01,0.9888652769075734,-0.16154281084500136,0.5732487583915907,0.36958986789469556,-0.058025954625806266,0.06986202572314339
2013-07-01,0.8771439196640334,-0.26211305967932086,0.5753594993645031,0.3934133242427147,0.015546204180799371,0.13722297311408835
2013-08-01,0.8212832410422635,-0.2884576171574553,0.5818064364665525,0.35441016905994055,-0.03331052456226558,0.05852482453921455
2013-09-01,0.8212832410422635,-0.390895428889924,0.5880468880386394,0.37354356722671783,0.011675447430495834,0.09499021450899488
2013-10-01,0.8212832410422635,-0.2580203154557203,0.5742123575313981,0.4035471681318687,0.0811175643456293,0.14249935610038444
2013-11-01,0.6537012051769536,-0.12041669170492973,0.5632686244435804,0.3799520190874772,0.12674248900769924,0.20423337958817686
2013-12-01,0.5419798479334135,-0.19325164473270892,0.5628097677103391,0.40588780620863846,0.16614457028172144,0.26021145271156354
2014-01-01,0.4861191693116431,-0.3661402866442569,0.582701207096375,0.3147794412992116,0.10524034265792725,0.1599807288595696
2014-02-01,0.5419798479334135,-0.3961404991570627,0.6025467608090844,0.3873072729863405,0.1764141139087229,0.23110057103322093
2014-03-01,0.5419798479334135,-0.4324983725997345,0.637236329842168,0.47348202113855026,0.18835049058609404,0.24662371033179198
2014-04-01,0.26267645482456337,-0.5652542798915027,0.6551087996019419,0.4796840917226124,0.19910156376098015,0.2606887364354917
2014-05-01,0.3185371334463332,-0.4577303394151416,0.6741054683581282,0.49087799439490015,0.2357904112363446,0.27625526516351046
2014-06-01,0.20681577620279307,-0.42069696449867056,0.6842691449994526,0.5093119410338965,0.269738244362212,0.28875027901744665
2014-07-01,0.26267645482456337,-0.3668952588796787,0.6821354611898854,0.5179292403830695,0.24236514160169273,0.25868597171833874
2014-08-01,0.20681577620279307,-0.3146034977315294,0.6730042121983766,0.5596419326511644,0.30968667646941095,0.3197908484791352
2014-09-01,0.09509441895925344,-0.4461673435989476,0.677110979960901,0.5445103188303151,0.28090602579969043,0.3134479989900906
2014-10-01,-0.016626938284286682,-0.42689568390529026,0.6633911636369284,0.5590585468655226,0.323280626013539,0.35314019231829386
2014-11-01,0.039233740337483135,-0.37086879696084485,0.6339784470361506,0.5995045067283749,0.36912779508232496,0.40312024773403865
2014-12-01,-0.072487616906057,-0.529810320207499,0.6032579887456083,0.5400061655002772,0.36110847607332314,0.40252992312812735
2015-01-01,-0.016626938284286682,-0.4848696045095075,0.5779061542339967,0.5222805209861805,0.30192664260157775,0.3273839986325369
2015-02-01,-0.1283482955278268,-0.27208664026304913,0.6011931334460214,0.4663300734992108,0.403334913349361,0.4378843153386205
2015-03-01,-0.1842089741495966,-0.7791895701814985,0.6332442762629658,0.5029926572455975,0.3694333811415594,0.3971690449371165
2015-04-01,-0.1842089741495966,-0.42554468095769404,0.6442568378607699,0.5016530862255545,0.38574982466795854,0.40452241140146367
2015-05-01,-0.072487616906057,-0.3886305121836585,0.6719258988752518,0.5395889598253025,0.4060111064135659,0.4239517411774463
2015-06-01,-0.24006965277136694,-0.5025518489706969,0.6910372818147934,0.5322149698942824,0.36500701337446617,0.3792868908690826
2015-07-01,-0.29593033139313674,-0.39725308981978946,0.6914043672013773,0.5713576353875697,0.40272374123089216,0.38731964445241845
2015-08-01,-0.35179101001490704,-0.5404991376458367,0.6836496884095853,0.566916802813004,0.2808041637799457,0.2546587475693089
2015-09-01,-0.4076516886366769,-0.43567720306466806,0.6751378960079437,0.5578636015195455,0.23251230623728378,0.22687466897040307
2015-10-01,-0.4076516886366769,-0.43671032296577117,0.6726830124851021,0.5256099194785473,0.38005481174586125,0.3843143555495984
2015-11-01,-0.35179101001490704,-0.39943853576443067,0.6611657084807419,0.5408655159844604,0.38102713102524344,0.39075197668717393
2015-12-01,-0.4076516886366769,-0.4241936780100972,0.6425590679477724,0.565526594909623,0.34725524138802644,0.3570806376084274
2016-01-01,-0.519373045880217,-0.4396110057650229,0.6515297170826553,0.5375652178958554,0.25122713731949275,0.24761024893818878
2016-02-01,-0.4635123672584467,-0.5488833029970976,0.6560035702317744,0.5960228421463305,0.2438097302453466,0.25334222093368913
2016-03-01,-0.4076516886366769,-0.2406956894218347,0.6794282064637605,0.5512379173129436,0.3618863314968288,0.3867749929301368
2016-04-01,-0.35179101001490704,-0.27562308915528716,0.7053306690552699,0.5620220508446262,0.3670349935857496,0.3968858718186138
2016-05-01,-0.519373045880217,-0.3715840338154548,0.7275393349441481,0.5673199182901073,0.39634347472142034,0.39843418935365343
2016-06-01,-0.4635123672584467,-0.5290950833528896,0.7456412330705561,0.6265854080645552,0.39811216979153535,0.4147383383822887
2016-07-01,-0.519373045880217,-0.441240156378301,0.7366935267723395,0.6260224524012933,0.4673227821163395,0.47208660401455993
2016-08-01,-0.4635123672584467,-0.40682931659540095,0.7417638936746874,0.614412476470197,0.46486883345885033,0.4685058342580083
2016-09-01,-0.4076516886366769,-0.3433321780583621,0.7550477961020309,0.6270158945114596,0.46238710425052193,0.45791767164560315
2016-10-01,-0.4635123672584467,-0.44692231583436887,0.7619535899372991,0.6375770983876021,0.4233832108718659,0.4389941712708167
2016-11-01,-0.5752337245019868,-0.5922346034626222,0.753327083352357,0.606246117607404,0.49066770500513157,0.5510256781055791
2016-12-01,-0.5752337245019868,-0.5126843710776721,0.7551395674486496,0.6896327077839048,0.5277269598250227,0.6239907128578615
2017-01-01,-0.5752337245019868,-0.6188970439872482,0.7874201386322335,0.7275364566794865,0.5648047350121402,0.6355791160017524
2017-02-01,-0.6310944031237571,-0.5042604703455993,0.8049484658420835,0.6947514629102426,0.6433033115009502,0.7438414516099915
2017-03-01,-0.7428157603672968,-0.5523402811277119,0.8094911475011837,0.6835063021150029,0.6424513746085388,0.7268259443038271
2017-04-01,-0.7428157603672968,-0.6567648619007637,0.8260788184078377,0.7269410194979053,0.6623422490096199,0.758487667702876
2017-05-01,-0.7428157603672968,-0.6078108727407936,0.8308738712702205,0.6937758805791866,0.687900355781959,0.766268077499159
2017-06-01,-0.798676438989067,-0.5775325125623065,0.835967181009251,0.7248095000145951,0.6986514289568447,0.8052020976391129
2017-07-01,-0.798676438989067,-0.541452786785316,0.8320898416133276,0.7325473314487367,0.7420724299189814,0.8670308927754362
2017-08-01,-0.7428157603672968,-0.5369626887535986,0.8489069408866374,0.7165354628854553,0.7433225547067588,0.8735370235384562
2017-09-01,-0.798676438989067,-0.5457044725321635,0.8787326285473797,0.8374354124046989,0.7875028907251748,0.9257173797580515
2017-10-01,-0.8545371176108368,-0.6301818921377603,0.875153546028103,0.8507309827706954,0.839267317122774,1.0367201003840596
2017-11-01,-0.8545371176108368,-0.7911101844249991,0.875291203048032,0.8832395951441726,0.9062369650131918,1.1389261851030283
2017-12-01,-0.9103977962326072,-0.8440774470469454,0.8719644917320388,0.9015432243930619,0.9303412229582637,1.1899510123067978
2018-01-01,-0.966258474854377,-0.8971241804305166,0.9027767213692323,0.8253933545311767,1.06942918082802,1.3532516973427464
2018-02-01,-0.9103977962326072,-0.9313363433093584,0.9285644697774412,0.8514939938945515,0.967585681450418,1.2253453684654667
2018-03-01,-0.966258474854377,-0.7265799259868566,0.9414812868182,0.8355444692257827,0.9000233818087573,1.1196019034193938
2018-04-01,-0.966258474854377,-0.7230832124754305,0.9642405807870094,0.8492193643213559,0.9066721936430109,1.1264574332721795
2018-05-01,-1.077979832097917,-0.5935856064102185,0.9881470165888789,0.9157508793431975,0.9596589642775478,1.1553102620280153
2018-06-01,-0.966258474854377,-0.7123149242754703,0.9973470940903797,0.8713941499156269,0.9717898048107955,1.1388188533564993
2018-07-01,-1.077979832097917,-0.9481444093926922,0.9977371223136453,0.9088864172131262,1.0624655227509192,1.269418752340828
2018-08-01,-1.077979832097917,-0.951045092191944,1.000949119446338,0.8845092741088608,1.1413900676859348,1.3321769947290119
2018-09-01,-1.133840510719687,-1.0001580228751596,1.0076713705883147,0.8572198147040275,1.15292825646794,1.3885250198297974
2018-10-01,-1.077979832097917,-1.0048865331917476,1.0179038757396301,0.920858000549734,0.9656503030752661,1.2352290237628867
2018-11-01,-1.077979832097917,-0.8929519654452923,0.9984712930868138,0.9580952128415609,1.0104973723138304,1.2834940548883444
2018-12-01,-1.0221191534761471,-1.1501590854391897,0.9800023095738761,0.7833122882088287,0.7759184010251037,1.03103608512637
2019-01-01,-0.966258474854377,-0.8324747158499408,0.990991928334987,0.8407111732382586,0.9585755227948073,1.2219735530665197
2019-02-01,-1.077979832097917,-0.8114546994005698,1.0154031065434783,0.8263878849473145,1.0330181388610504,1.3266025948720332
2019-03-01,-1.077979832097917,-0.8747531610335494,1.048119591623583,0.9189235963542547,1.0792357152743632,1.328050431623088
2019-04-01,-1.133840510719687,-0.8852035661870171,1.0790006497707685,0.8891938067814217,1.1824219412758743,1.4038940124711188
2019-05-01,-1.189701189341457,-0.9860519626870196,1.0914815529149522,0.9353545011023976,1.0029873634035524,1.2008919994902407
2019-06-01,-1.189701189341457,-0.9091242654356398,1.0926516375847497,0.9375452387289498,1.1786530465453158,1.4046990005700883
2019-07-01,-1.133840510719687,-0.8624351929819347,1.102471171676117,0.9794740678681122,1.2144158756593637,1.434878632405361
2019-08-01,-1.189701189341457,-0.8777730499752355,1.1021729147995252,1.026605189338598,1.1644849656171714,1.382241545349471
2019-09-01,-1.245561867963227,-0.7921035689452899,1.1067844249685614,0.95390767699467,1.2110451688241708,1.4408800755942754
2019-10-01,-1.189701189341457,-0.6157579489031265,1.1202518700892514,0.9517501404498165,1.267365605559448,1.4556553181484133
2019-11-01,-1.189701189341457,-0.5386315747476874,1.1170857586298688,0.9882872954944292,1.363134424486813,1.570429493655126
2019-12-01,-1.189701189341457,-0.7063148817729086,1.1117171348509272,0.9831340728589087,1.4462908733330457,1.626039898455295
2020-01-01,-1.189701189341457,-0.6323276027015914,1.134591143003037,0.9535129443428445,1.4414200167525202,1.5937935595857884
2020-02-01,-1.245561867963227,-0.42645859471636216,1.1508117285231614,0.9493391556141471,1.1901912353273205,1.2687530671469285
2020-03-01,-0.7428157603672968,-0.6332415164602595,1.1378949114824017,0.5437967892188946,0.847907068433858,0.8700042105197158
2020-04-01,5.066694816296785,-0.9205680551093982,1.0982955754036017,-0.2689204712369049,1.151492928007899,1.1473037704677669
2020-05-01,4.172923958348464,-1.009058748176973,1.0984102895869021,0.8516212251454037,1.273616229498335,1.2657557710337435
2020-06-01,2.943989028669524,-0.786898234058962,1.1305990894238132,1.3076446164307114,1.3254547373648398,1.3148280739123523
2020-07-01,2.497103599695363,-1.1538147404738628,1.160516548431228,1.3604963354311301,1.483646454028558,1.3851006803846766
2020-08-01,1.4916113845035037,-1.231537145341476,1.1792608459841312,1.3773250977576617,1.6958806022587147,1.6136636346187956
2020-09-01,1.1564473127728834,-1.1197615191182677,1.1875661528557995,1.5074249094596743,1.5687290210663294,1.5396332751908555
2020-10-01,0.5978405265551833,-1.214013842403533,1.1900439792153228,1.467127431406539,1.4825722727294308,1.3934679893055981
2020-11-01,0.5419798479334135,-1.3487565187358843,1.186396068186056,1.40465025871989,1.8082251498536472,1.7516637149781917
2020-12-01,0.5419798479334135,-1.2580009089620445,1.19201706316828,1.509370826270884,1.9327190583490539,1.862174308128092
2021-01-01,0.3743978120681035,-1.3303193020392718,1.2174377261898504,1.7231769413600213,1.8939837102951793,1.7909402832453667
2021-02-01,0.26267645482456337,-1.4196444381038922,1.2502918682899922,1.4829649104966265,1.9837241496903735,1.8993853111881234
2021-03-01,0.20681577620279307,-1.4400684238410866,1.293034372991439,2.278153138148075,2.1334983594497237,2.1333662349677907
2021-04-01,0.20681577620279307,-1.4074059408139001,1.342980928404856,2.2529140036813016,2.32636946374475,2.235365648983336
2021-05-01,0.039233740337483135,-1.4320418769171317,1.3921015416983764,2.083479635263973,2.347612324953353,2.3101096503429868
2021-06-01,0.09509441895925344,-1.5760826323594108,1.449481576190256,2.062330217442756,2.4340931797167125,2.3070335681605414
2021-07-01,-0.1842089741495966,-1.4279888680743418,1.479467863707608,1.8513678646591671,2.5246207347190253,2.356470113881095
2021-08-01,-0.35179101001490704,-1.487830351576707,1.4924076235850494,1.9119468894129796,2.6426139943179896,2.4050274527417814
2021-09-01,-0.5752337245019868,-1.7321632081876261,1.5094541512249602,1.9433585639890794,2.4433904040643313,2.231833977791686
2021-10-01,-0.6869550817455269,-1.357418831752827,1.561740875977918,2.017977928750325,2.7191957127988737,2.457417905146072
2021-11-01,-0.9103977962326072,-1.8799390894262027,1.5929201910016955,2.0391135197153587,2.6836551280915417,2.3048880750570464
2021-12-01,-1.0221191534761471,-1.948244209041451,1.6125133735111223,1.9414351110891994,2.8680994652985867,2.516649043650969
2022-01-01,-0.966258474854377,-2.1739014366708904,1.6663372683204078,2.0659347489529734,2.636011483401802,2.378894456116081
2022-02-01,-1.077979832097917,-2.1257421551271536,1.7252544728686148,2.0832294216975438,2.5048780232557544,2.237392392069394
2022-03-01,-1.189701189341457,-2.805097960864164,1.8121619381446437,2.15892176334565,2.6497721162509666,2.3271114557240624
2022-04-01,-1.133840510719687,-2.195835366878927,1.848985190987327,2.212106445421406,2.2807723196335195,2.13287068201041
2022-05-01,-1.189701189341457,-2.0672914099531954,1.9221040114293915,2.1112261823728073,2.2809760436730087,2.134344780784552
2022-06-01,-1.189701189341457,-1.9124028955493309,2.0142195006276973,2.0721677182420506,1.959860656519244,1.8814654768260954
2022-07-01,-1.245561867963227,-1.5514466962561793,2.0134165013445378,2.013673067081827,2.27925364952096,2.117789429795954
2022-08-01,-1.189701189341457,-1.462876532426982,2.0110075034950055,2.0402955935571576,2.1169318909657693,1.9653897679952728
2022-09-01,-1.245561867963227,-1.5898310741202466,2.0256220904487563,1.9729406964284006,1.7748792286626356,1.647400057841714
2022-10-01,-1.189701189341457,-1.874137723827699,2.05324526578994,2.0490137754457662,2.0400538466092635,2.1049804134920658
2022-11-01,-1.189701189341457,-1.29610713916043,2.0463394719546164,1.9047729801003728,2.232786048150092,2.316997151354313
2022-12-01,-1.245561867963227,-1.6092219399563383,2.025369719245473,1.7837220472999478,2.0099767702336995,2.152286309861304
2023-01-01,-1.3014225465849971,-1.561698424505589,2.079813070644626,2.0303424246699224,2.2295357237018707,2.259479895312613
2023-02-01,-1.189701189341457,-1.591857578541642,2.1181276078703277,1.9194517245380505,2.1309610691397163,2.0962739819251954
2023-03-01,-1.245561867963227,-1.2448882332941962,2.140978673185755,1.8238858072793036,2.2598257843005376,2.166776095642758
2023-04-01,-1.3014225465849971,-1.8419520653702517,2.1760123847687742,1.8237650597629798,2.315544309100958,2.260863789746587
2023-05-01,-1.133840510719687,-1.607950407770366,2.193540711978624,1.858330860026309,2.3251285991405855,2.1249989260468682
2023-06-01,-1.189701189341457,-1.4864793486291097,2.216070577580832,1.8516380205669427,2.5756628667947976,2.296196487242355
2023-07-01,-1.245561867963227,-1.5809303488184343,2.2294233085181663,1.876779306913027,2.703990491306055,2.4277269753056347
2023-08-01,-1.077979832097917,-1.3353656954023534,2.2600519954620677,1.8974383697175905,2.6287051985310135,2.3320852545313135
2023-09-01,-1.077979832097917,-1.4181344936330498,2.277557379835235,1.9256249670751147,2.4253423062022703,2.1934206308051083
2023-10-01,-1.077979832097917,-1.5309432397573612,2.274850125109111,1.890661793437998,2.3380650756481787,2.1415097457789276
2023-11-01,-1.133840510719687,-1.4598169081044827,2.260625566378571,1.857334117468308,2.6843959427805952,2.4724135203287223
2023-12-01,-1.133840510719687,-1.4770620633767457,2.2536280011966605,1.873874820418066,2.871479432317392,2.6709372874597297
